"Diervilla_lonicera","Gaylussacia_baccata","Quercus_alba","Rosa_spp","Rubus_spp"
1.1523286788076,0.0725876344538276,0,0,0
0.0725876344538276,1.15232863344033,0,0,0
0,0,1.15232866973415,0.3641479268584,0.3641479268584
0,0,0.3641479268584,1.1523286606607,0.762959116764068
0,0,0.3641479268584,0.762959116764068,1.1523286606607
